target_year,row_count,positive_count,positive_rate,high_cost_threshold,median_target_cost,mean_target_cost
2009,114538,11446,0.09993190033002147,13300.0,2690.0,5526.963103948035
2010,112754,11264,0.09989889493942565,7290.0,1640.0,3312.451797718928
