run_id,split_name,row_count,positive_rate,accuracy,precision,recall,area_under_roc,area_under_pr,top_5_capture_rate,top_5_lift,top_10_capture_rate,top_10_lift
8e99b5be1fc543769a2a2309145d0b40,test,34101,0.10067153455910384,0.7131462420456878,0.21794757885384275,0.7145353917856102,0.7989438661293529,0.3616885899220288,0.23215846198660064,4.640583653109653,0.3690649577628896,3.6896757914606564
8e99b5be1fc543769a2a2309145d0b40,train,159104,0.1003306013676589,0.7266190667739341,0.24058265965666045,0.7997870074547391,0.84699001286536,0.42839098377952134,0.264799849652321,5.295464464439778,0.4160245567875713,4.160088686011547
8e99b5be1fc543769a2a2309145d0b40,validation,34087,0.10047818816557631,0.7144072520315663,0.22178130511463845,0.7343065693430657,0.8054079825857346,0.377411448788152,0.24350364963503648,4.868216366633131,0.378978102189781,3.7894475122742937
