{
  "0": [
    12.803,
    17.502638,
    10.749191,
    9.349767
  ],
  "1": [
    17.65807,
    9.794162,
    11.669136,
    10.600681
  ],
  "2": [
    11.01921,
    16.950452,
    10.377555,
    10.53688
  ],
  "3": [
    3.009128,
    4.042522,
    0.179161,
    0.495546
  ],
  "4": [
    7.241618,
    3.016657,
    2.741376,
    1.688121
  ],
  "5": [
    9.791229,
    2.724361,
    -2.069087,
    -1.817861
  ],
  "6": [
    -54.388632,
    -1.397363,
    -13.806066,
    -11.771896
  ],
  "7": [
    -59.11226,
    -1.854401,
    -12.881181,
    -15.670123
  ],
  "8": [
    -59.388077,
    -1.623388,
    -17.577723,
    -19.419519
  ],
  "9": [
    6.291649,
    5.382034,
    4.370589,
    4.08387
  ],
  "10": [
    8.547701,
    4.920112,
    5.098867,
    4.363995
  ],
  "11": [
    5.177136,
    7.735674,
    4.256275,
    1.301437
  ],
  "12": [
    5.670828,
    -2.754599,
    -3.507311,
    -4.549861
  ],
  "13": [
    -1.237542,
    -1.2715,
    -2.639899,
    -6.820929
  ],
  "14": [
    7.949571,
    -3.818571,
    -2.22144,
    -2.394985
  ],
  "15": [
    -61.23432,
    -63.406708,
    -6.876645,
    -66.176742
  ],
  "16": [
    -52.591166,
    -52.121097,
    -3.378085,
    -64.363698
  ],
  "17": [
    -65.467185,
    -65.543481,
    -8.564006,
    -75.230832
  ],
  "18": [
    -17.224719,
    -11.060798,
    -17.963255,
    -17.790627
  ],
  "19": [
    -14.760207,
    -17.137553,
    -18.416826,
    -22.299383
  ],
  "20": [
    -17.188369,
    -9.975003,
    -23.522091,
    -23.839862
  ],
  "21": [
    -42.352503,
    -39.648347,
    -41.664172,
    -43.866774
  ],
  "22": [
    -41.150954,
    -44.139089,
    -28.477355,
    -41.944029
  ],
  "23": [
    -39.197311,
    -40.635664,
    -30.239883,
    -49.83877
  ],
  "24": [
    -80.194967,
    -84.752216,
    -85.732454,
    -86.855893
  ],
  "25": [
    -78.282429,
    -84.405842,
    -84.593939,
    -85.078804
  ],
  "26": [
    -86.645505,
    -80.131058,
    -84.631181,
    -86.286999
  ],
  "27": [
    -59.700675,
    -49.713148,
    -59.491928,
    -58.924679
  ],
  "28": [
    -48.039177,
    -56.587369,
    -59.269034,
    -61.364796
  ],
  "29": [
    -49.520339,
    -59.326673,
    -59.26384,
    -59.505543
  ],
  "30": [
    -52.240421,
    -63.329419,
    -62.37893,
    -64.100494
  ],
  "31": [
    -55.65306,
    -63.527639,
    -65.132242,
    -62.929238
  ],
  "32": [
    -60.516373,
    -62.644632,
    -62.672699,
    -63.887309
  ],
  "33": [
    -100.357493,
    -63.535878,
    -66.339853,
    -66.665591
  ],
  "34": [
    -101.398696,
    -62.353936,
    -67.83723,
    -69.476898
  ],
  "35": [
    -103.253168,
    -59.519361,
    -67.124675,
    -68.822885
  ],
  "36": [
    -49.500161,
    -57.434553,
    -57.270795,
    -60.615567
  ],
  "37": [
    -51.010457,
    -61.598217,
    -58.657129,
    -62.912634
  ],
  "38": [
    -52.747004,
    -62.070881,
    -60.890135,
    -63.915496
  ],
  "39": [
    -64.523965,
    -46.118734,
    -62.808049,
    -65.915245
  ],
  "40": [
    -50.702343,
    -63.453278,
    -63.504786,
    -72.20897
  ],
  "41": [
    -65.905843,
    -57.039818,
    -68.442015,
    -67.499547
  ],
  "42": [
    -111.691951,
    -61.158074,
    -72.367218,
    -73.927049
  ],
  "43": [
    -112.031173,
    -71.745482,
    -67.270789,
    -73.192732
  ],
  "44": [
    -111.512484,
    -113.406108,
    -64.980448,
    -80.752486
  ],
  "45": [
    -69.9869,
    -74.050539,
    -75.914967,
    -75.342496
  ],
  "46": [
    -74.312643,
    -75.451925,
    -75.49433,
    -78.925792
  ],
  "47": [
    -70.112131,
    -74.286853,
    -76.719148,
    -74.802288
  ],
  "48": [
    -81.925081,
    -82.429955,
    -76.307501,
    -84.399508
  ],
  "49": [
    -76.529727,
    -79.598766,
    -79.38559,
    -80.582614
  ],
  "50": [
    -83.869466,
    -74.69247,
    -81.727144,
    -82.118252
  ],
  "51": [
    -146.539006,
    -147.260276,
    -81.887853,
    -95.324684
  ],
  "52": [
    -144.263445,
    -144.554754,
    -86.151124,
    -89.775872
  ],
  "53": [
    -146.312318,
    -143.96944,
    -80.402738,
    -92.453827
  ],
  "54": [
    -63.403154,
    -68.863133,
    -64.521671,
    -62.224196
  ],
  "55": [
    -66.922539,
    -70.329395,
    -70.256322,
    -60.003835
  ],
  "56": [
    -69.059404,
    -62.400633,
    -66.6784,
    -58.020167
  ],
  "57": [
    -100.836501,
    -100.649171,
    -101.009299,
    -87.808755
  ],
  "58": [
    -88.245911,
    -100.294988,
    -100.179523,
    -100.211887
  ],
  "59": [
    -84.858268,
    -101.538664,
    -101.640963,
    -102.298078
  ],
  "60": [
    -108.891317,
    -104.098749,
    -109.266449,
    -109.984537
  ],
  "61": [
    -112.482616,
    -112.291702,
    -101.721443,
    -111.923509
  ],
  "62": [
    -113.918791,
    -98.111459,
    -113.740141,
    -113.585265
  ],
  "63": [
    -70.792899,
    -79.969659,
    -72.656416,
    -56.400766
  ],
  "64": [
    -89.657788,
    -89.207678,
    -87.811745,
    -84.42444
  ],
  "65": [
    -75.748324,
    -95.05052,
    -87.214712,
    -87.884293
  ],
  "66": [
    -111.096166,
    -111.624262,
    -112.141393,
    -100.093565
  ],
  "67": [
    -109.986152,
    -110.758286,
    -92.985024,
    -111.865133
  ],
  "68": [
    -109.248941,
    -97.422023,
    -113.861241,
    -112.307927
  ],
  "69": [
    -117.981106,
    -119.361016,
    -119.812248,
    -119.874414
  ],
  "70": [
    -113.669874,
    -120.723054,
    -118.982369,
    -120.518657
  ],
  "71": [
    -122.46365,
    -111.959615,
    -120.398123,
    -122.296853
  ],
  "72": [
    -145.457889,
    -145.765201,
    -138.37346,
    -145.881511
  ],
  "73": [
    -138.247345,
    -145.98915,
    -145.417522,
    -145.674773
  ],
  "74": [
    -145.36526,
    -143.381914,
    -144.815212,
    -145.55362
  ],
  "75": [
    -150.761494,
    -149.224149,
    -144.197332,
    -149.049189
  ],
  "76": [
    -152.39955,
    -151.257536,
    -149.559719,
    -146.978091
  ],
  "77": [
    -143.935342,
    -149.388358,
    -150.604189,
    -152.67363
  ],
  "78": [
    -157.224803,
    -157.277148,
    -145.03699,
    -157.719573
  ],
  "79": [
    -149.05908,
    -156.441955,
    -154.410126,
    -156.554918
  ],
  "80": [
    -158.41031,
    -156.887437,
    -153.980537,
    -158.297769
  ],
  "81": [
    -81.863489,
    -83.005028,
    -83.701743,
    -73.229397
  ],
  "82": [
    -81.629514,
    -79.860433,
    -84.187261,
    -72.449857
  ],
  "83": [
    -81.640733,
    -82.376552,
    -84.058075,
    -73.122065
  ],
  "84": [
    -101.729826,
    -100.945367,
    -102.257115,
    -95.102722
  ],
  "85": [
    -98.304225,
    -101.485013,
    -101.656308,
    -92.313576
  ],
  "86": [
    -101.583518,
    -101.56642,
    -101.818574,
    -101.652073
  ],
  "87": [
    -112.843712,
    -109.605226,
    -112.388444,
    -111.971225
  ],
  "88": [
    -113.261754,
    -111.573196,
    -112.880427,
    -111.406369
  ],
  "89": [
    -110.404175,
    -109.278445,
    -111.149132,
    -106.860639
  ],
  "90": [
    -96.400903,
    -89.79771,
    -95.055291,
    -95.11082
  ],
  "91": [
    -96.379016,
    -96.665336,
    -97.715454,
    -80.70854
  ],
  "92": [
    -94.009302,
    -95.432932,
    -93.378061,
    -78.445628
  ],
  "93": [
    -112.068085,
    -113.610144,
    -113.488963,
    -100.118449
  ],
  "94": [
    -109.832837,
    -112.173893,
    -113.11987,
    -93.564232
  ],
  "95": [
    -112.740489,
    -112.082846,
    -113.356041,
    -107.199997
  ],
  "96": [
    -123.764737,
    -124.509556,
    -124.110553,
    -107.284972
  ],
  "97": [
    -119.189221,
    -122.441468,
    -121.459515,
    -121.403761
  ],
  "98": [
    -122.792129,
    -123.330254,
    -123.387216,
    -114.003066
  ],
  "99": [
    -142.967827,
    -143.47956,
    -145.870737,
    -141.475812
  ],
  "100": [
    -143.81824,
    -144.815636,
    -145.190659,
    -145.140159
  ],
  "101": [
    -141.882984,
    -144.52841,
    -144.941143,
    -144.733643
  ],